iter	Logloss
0	0.09725107148
1	0.08382585372
